Word,Frequency
0230,21
0400,42
0430,7
10,22960
100,11482
100bn,4
1027,9
108,298
11,9564
110,793
111,255
112,265
1122,305
11km,1
12,11816
120,1417
122,171
13,7841
133,321
14,8999
15,12792
155,351
159,131
16,7456
166,89
168,235
16th,423
17,7672
170,814
18,9392
1800s,110
1864,18
187,105
19,6274
1930s,286
1961,291
1978,339
1979,1166
1980s,1540
1982,385
1990,800
1991,855
1994,861
1996,905
1997,1076
1999,1143
19th,1075
20,16927
200,5183
2000,1369
2002,946
2006,1599
2008,2381
2011,2671
2013,2428
2014,3163
2015,4080
2016,4894
2017,4119
2018,5834
2019,7119
2020,8962
2021,9041
2022,13603
2023,15900
2024,21292
2025,24282
2027,1624
2050,313
21,5994
2130,4
21st,736
22,5912
23,5206
24,8197
24th,269
25,9449
26,6322
27,5527
28,5873
29,3765
30,13375
300,3843
31,3787
32,2019
326,65
33,2195
34,2109
35,3046
350,749
36,1906
363,21
365,139
37,1822
370,282
373,9
38,1648
40,8247
400th,1
403,65
42,1769
425,93
43,1435
439,28
44,1573
45,2832
469,38
47,1525
48,2219
49,1054
50,9892
500,3758
51,1067
52,1215
52nd,31
55,1478
550,255
56,1037
57,908
58,1053
59,967
60,6846
600,1968
61,888
620,99
645,91
65,1620
66,746
68,722
6am,248
70,4327
700,1148
70th,69
71,844
72,1255
73,736
75,2061
77,751
770,37
789,16
7th,481
81,761
87,473
875,21
90,4693
900,826
950,41
99,709
aap,12
abc,2669
abdomen,137
abdominal,179
abducted,1640
abducting,268
abduction,1065
abductor,61
abdul,1549
abdulla,139
abdullah,1321
able,9427
aboard,3040
abortion,1419
abroad,4873
abrogated,5
abruptly,1120
absence,3078
absolute,1620
absolutely,3213
abu,7697
academic,5469
academy,2335
accelerate,1018
accelerated,818
accept,4816
acceptable,1058
accepted,3477
access,18263
accident,5806
accommodating,205
accompanied,2883
accomplice,423
according,73375
account,15066
accountability,4349
accountant,198
accounted,976
accounting,1158
accuracy,728
accurate,1153
accused,24505
accusing,6344
achieve,3644
achieved,2528
achievement,3803
achieving,1466
acknowledge,1377
acknowledged,6520
acknowledging,1748
acknowledgment,321
act,22211
acted,2352
acting,4832
action,35545
activated,968
activating,110
active,7252
actively,3337
activist,9646
activity,20668
acute,847
adaptation,834
adapted,1043
adaptive,174
adapts,76
adb,90
add,5670
added,34571
adding,20237
addition,4675
additional,13001
additionally,2512
address,13771
addressed,5094
addressing,5002
aden,501
adequate,1117
adhering,313
adidas,67
adjacent,657
adjustment,1432
administering,269
administration,34369
admiral,778
admitted,5383
adopting,545
adrienne,25
adult,4117
advance,5161
advanced,7357
advancement,1131
advancing,2134
advantage,3413
adversary,1471
advertising,1018
advice,2985
advised,3896
adviser,7789
advisory,3235
advocate,3701
aerial,3633
aerospace,960
affair,11395
affect,5297
affected,11050
affiliation,505
affirmed,653
afford,1454
affordable,1739
afghan,11206
afghanistan,17001
afp,11287
afraid,1817
africa,7736
african,4418
aftermath,2424
afternoon,3540
age,12284
aged,3674
agency,39275
agenda,3955
agent,8976
aggression,3780
aggressive,3041
aggressively,906
agile,114
ago,11161
agreed,10869
agreement,26249
agriculture,2824
ahead,14923
ahl,18
ahmadiyya,183
ahmed,3614
ahouthi,1
ai,17656
aid,12724
aide,3586
aiding,556
aim,9902
aimed,12522
aiming,2339
air,35411
airborne,616
aircraft,18977
aired,1097
airline,9546
airport,18823
airspace,4249
airstrike,1868
airstrikes,4747
akhundzada,178
akin,270
akira,20
al,13884
alarm,2515
alarming,1295
alarmingly,96
albanese,1420
alcohol,1984
alert,6855
alerted,1096
alexei,251
ali,8336
alienate,157
align,1773
aligning,1111
aligns,1695
alive,3520
allah,658
allegation,13491
alleged,19084
allegedly,12303
alleviate,268
alliance,7285
allied,1742
allium,2
allow,10560
allowed,11453
allowing,8488
allows,5759
allure,102
ally,16822
alongside,11380
alright,83
alter,1102
altering,513
altitude,1199
aluminum,253
ambassador,5773
ambition,4184
america,21583
american,45348
amid,24653
amidst,1837
amir,926
amiss,30
amman,169
ammunition,1851
amnesty,1328
amplified,680
amy,437
anaemic,33
analysis,4115
analyst,7976
analyze,160
analyzes,42
ancient,6562
anderson,1037
andy,1430
anger,3418
angle,934
angry,1916
ani,5138
animosity,204
annex,374
annexe,53
annexed,531
anniversary,3994
announce,1880
announced,27469
announcement,9354
announcing,2265
annoying,101
annual,6911
anonymously,447
anouk,1
answer,5038
antalya,94
antenna,80
anthony,1707
anticipate,676
anticipated,2341
anticipates,159
anticipation,517
antonio,1223
anwar,535
anybody,997
ap,23960
ap1000,7
apart,3189
apartment,3568
apologetic,60
apologise,642
apology,1843
app,3622
apparatus,550
appeal,8190
appealed,1559
appear,7094
appearance,6726
appeared,12811
appearing,2111
appears,8187
appease,162
application,9091
applies,1993
appointed,4126
appointee,532
appointment,5044
appreciate,897
apprehend,274
approach,13403
approached,2646
approximately,8204
apr,146
april,15285
aqaba,48
arab,7123
arabia,16299
arad,57
arakan,304
arbil,16
arbitrary,704
archenemy,9
archipelago,770
architect,1179
area,49594
argentinian,65
argue,5289
argued,8764
argument,3952
ariel,169
aries,23
arisen,118
arising,277
arizona,1691
arm,7756
armed,13506
army,24514
arranged,1331
arrangement,5684
array,714
arrest,18418
arrested,18336
arrival,4110
arrived,8888
arriving,2496
arrow,339
arsenal,1556
article,6082
artificial,4844
artillery,1590
arvind,121
ary,1548
asad,289
asean,882
ashlee,100
ashok,139
asia,9389
asian,5474
asked,19301
aspect,2681
aspiration,1128
assailant,1097
assassinated,762
assault,9517
assaulted,1442
assaulting,861
assembled,662
assembly,5846
asserted,2011
assertion,1375
assertive,443
assertiveness,153
assessment,5226
asset,7961
assist,2669
assistance,7315
assistant,3245
assisted,1305
assisting,1167
associate,2757
associated,9737
association,5906
assume,1340
assuming,831
assumption,1221
assured,2292
asylum,4188
athletics,144
atmosphere,2428
atrocity,1455
attack,85734
attacked,7487
attacker,3594
attacking,2596
attempt,14340
attempted,6408
attempting,5211
attend,4890
attended,5202
attendee,1374
attending,2705
attention,14833
attitude,1159
attorney,8996
attracted,1914
attribute,740
attributed,2538
aug,1817
august,16205
aurangzeb,503
aurman,6
austin,1788
australia,9120
australian,4933
austrian,463
authoritarian,1325
authority,55867
autocratic,292
automatic,1091
automobile,332
autonomous,1713
autumn,863
availability,1111
available,7617
avdiivka,43
avenge,285
avenue,1575
average,5710
averaging,225
averted,131
aviation,5336
aviv,1901
avoid,9132
avoided,1871
avoiding,1626
awaiting,1415
aware,3958
away,20083
awkward,669
axe,175
axios,1538
axis,865
ayatollah,2711
azhar,855
baalbek,77
babel,71
baby,4070
backbench,110
backed,4588
background,4121
backing,3686
backlash,4462
backroom,54
backyard,555
bad,5745
badly,1551
bag,2486
baghdad,614
bagheri,110
bahawalnagar,47
bailout,705
bakhmut,43
bakhsh,73
balance,5157
balanced,1537
balancing,1615
balitsky,25
ballistic,4998
ballot,2498
balochistan,8509
baluchistan,179
ban,11255
band,1237
bangkok,1602
bank,15257
banned,5434
banner,1424
bar,4574
barged,56
barrage,1510
barrel,2142
barricade,475
barrier,3118
bart,70
base,14536
based,13719
bashar,1528
basic,3947
basically,1069
basij,219
basis,3026
bathing,150
battered,670
battery,2412
battle,5694
battled,556
battleground,1020
battling,1286
bayer,14
bbc,8136
beach,5437
beam,388
bear,3466
bearing,1020
beast,737
beat,1486
beaten,834
beating,714
beautiful,2785
bed,1787
bedouin,132
beer,933
began,26001
beggar,233
begin,9843
beginning,6229
begun,3257
behalf,2132
behavior,2581
behaviour,4248
beijing,22945
beirut,2610
belarus,1234
belief,8332
believe,14903
believed,11517
bellamy,2
bellwether,44
belonging,2638
belt,1943
benchmark,811
beneficial,929
benefit,9607
benjamin,6240
beran,15
berkeley,393
berlin,2228
berwick,12
best,9208
betrayal,769
betraying,113
better,11338
betting,598
bezos,1368
bhoon,1
biblical,290
bid,3562
biden,22225
bifida,13
bifurcating,2
big,12298
bigger,3182
biggest,7781
bilateral,7182
bilaterally,75
billed,232
billion,26436
bin,7374
birth,4054
bisham,5
bite,655
bjp,555
black,10826
blacklisted,184
blackstone,132
blade,635
blame,2754
blamed,3537
blaming,1517
blank,352
blast,4963
bleeding,620
blend,1303
block,5230
blockade,6117
blocked,4060
bloodshed,532
bloody,668
bloomberg,2263
bloombergnef,1
blunt,1207
bmc,11
board,10224
boarded,890
boarding,1102
boasted,372
boat,6939
bob,767
body,18804
boisterous,27
bolivia,360
bolster,1292
bolstered,385
bolstering,362
bomb,6966
bombing,4542
bond,3025
bondi,2542
bonus,554
boogie,43
book,8466
boom,884
boon,106
boost,3505
border,27243
bordering,848
bore,514
borick,2
boris,681
born,7295
borrego,4
borwornphop,4
bosch,36
bothered,161
bounty,425
bourse,34
bowed,193
bowler,64
box,2384
boy,5717
bracelet,271
brady,94
brain,2067
branch,2525
branded,809
brandished,71
brandon,538
bravely,108
bravery,576
brazen,382
breach,3215
breaching,578
break,7544
breakaway,241
breakdown,1215
breakthrough,2687
brent,403
brexit,648
brick,971
bridge,6932
bridget,148
brief,4134
briefed,1274
briefing,3577
briefly,2858
brigade,1617
brigadier,428
bring,12110
bringing,5842
brings,3187
brink,778
brisbane,238
britain,14319
british,21218
briton,485
broadcast,2797
broadcaster,3549
broader,18455
broadly,846
broke,5547
broken,3385
brokering,337
bronzefield,4
brother,8115
brought,11593
brussels,1840
brutal,2288
brutally,679
buck,191
buckingham,1411
budget,5723
bugti,354
build,9582
building,25272
built,11751
bulk,566
bulked,9
bullet,2069
bunch,341
buner,205
bunker,943
bureaucracy,673
bureaucratic,604
burial,2441
burkina,345
burn,2603
burst,932
bus,5360
bushehr,259
busiest,1089
business,24700
bustling,468
busy,2168
butt,403
buy,3960
bystander,768
ca,4576
cabin,1756
cabinet,6338
cable,1680
cachalia,3
cadre,280
cafe,840
calamity,97
calder,123
california,9307
called,36887
calling,17076
calm,3593
came,32249
camera,4643
cameron,441
camilla,1415
camp,7556
campaign,26873
campaigner,702
canada,19669
canal,2292
canberra,437
cancel,1515
canceled,1084
cancellation,2228
cancelled,3125
cancer,4815
candid,511
candidate,11060
cannabis,531
cannon,886
canton,275
cantonsonalika,1
canuck,27
capability,8416
capable,4101
capacity,5503
capital,15956
capitalize,133
capitalized,44
capitol,1911
capri,72
capsized,469
captive,1233
capture,4375
captured,6485
car,13000
carbon,3268
card,10338
cardboard,133
cardiac,498
care,10942
cared,482
career,8222
cargo,3204
carl,305
carried,14568
carrier,4325
carry,10656
carrying,10959
carving,371
case,48432
casey,267
cash,3388
casualty,7237
catalyse,36
catastrophe,616
catching,450
categorically,712
catherine,947
catholic,2376
cauchi,32
caught,5835
cause,12030
caused,12874
causing,5772
caution,2560
cautioned,2036
cautioning,418
cave,2558
cctv,2013
cease,1148
ceasefire,21447
celebrated,2653
celebrating,2297
celebration,5886
cell,2918
celsius,1539
cent,13243
center,12175
central,21714
centralised,224
centre,16331
centred,1090
century,8471
ceo,7001
ceremony,6639
certainly,2364
certificate,1744
certification,761
certified,626
certify,190
cessation,639
chad,576
chain,4725
chakra,20
chakrabarty,13
challenge,22344
challenged,2222
challenger,758
challenging,3811
chance,9841
chancellor,2832
chang,344
change,32951
changed,6850
changer,72
changing,4587
channel,8274
chant,968
chaos,4080
chaotic,1365
chapter,2467
charai,2
charge,20336
charged,8092
charity,3265
charle,2
charles,8168
charter,1676
chartered,248
chasing,618
chasiv,92
chaus,9
chauvinism,6
cheap,886
cheaper,997
check,6456
checked,1159
checkpoint,1096
cheering,390
chemerinsky,4
cherished,410
chest,1081
chicago,2350
chief,29788
child,43704
china,87577
chinatown,56
chinese,39946
choice,6959
chongqing,159
choose,3183
choosing,1533
chris,1464
christian,4773
christmas,3676
christopher,1071
circle,3475
circuit,915
circulated,2068
circulating,2475
circumstance,5011
circumvent,230
circus,240
cissy,1
cited,10448
citing,11761
citizen,17290
citizenship,6487
city,52281
civil,11460
civilian,19449
claim,34163
claimed,28660
claiming,8441
clampdown,169
clandestine,282
clarification,1068
clarified,2739
clash,7892
clasped,56
class,4450
clean,3417
clear,21666
clearly,4735
clerical,504
clerkenwell,1
climate,13699
climbing,1470
clinch,102
clinic,1273
clinton,2348
clip,7070
clive,46
clock,1389
close,19827
closed,7105
closely,7360
closer,4914
closest,1494
closure,4043
clothes,1299
clothing,2499
clown,181
cm,875
cnn,5343
coachella,122
coast,9588
cockpit,528
code,2646
codeveloping,1
coerced,358
coercing,88
coffee,1175
coin,2360
coincide,402
coincides,601
coinciding,462
collaborate,507
collaboration,4041
collaborative,482
collapse,5857
colleague,3231
collecting,1317
collection,4183
college,6913
collins,600
colonel,868
colony,2131
colorado,1343
colored,91
columbia,2948
columnist,260
comatose,23
combat,5264
combating,620
combing,119
come,49875
comeback,833
coming,11213
command,7273
commandant,68
commander,6224
commando,239
commenced,408
commended,411
comment,19487
commentator,3064
commented,3017
commercial,9213
commission,10192
commissioner,4393
commit,1946
commitment,11801
committed,7694
committee,11473
common,9323
commonwealth,1051
commotion,108
communication,9559
communist,3796
community,37185
company,36517
comparatively,221
compare,817
compared,6682
comparison,2238
compensate,355
compensation,2738
competition,4362
competitive,1850
complemented,83
complete,7963
complex,8179
complexity,1208
complicated,2271
component,2157
compound,2088
compounding,165
comprehend,133
comprehension,93
comprehensive,4058
comprised,243
comprises,361
compromise,1849
compromised,781
computer,2498
conceivably,25
concern,36112
concerned,4648
concerning,2260
concerted,171
concise,52
concluded,3985
conclusion,2249
concrete,2786
condemn,1394
condemnation,1808
condemned,7687
condemning,1379
condition,29381
condolence,2333
conduct,5498
conducted,7326
conducting,2422
conference,9350
confidence,5606
confirm,3401
confirmed,28518
conflagration,71
conflict,34885
conflicting,561
confront,1020
confronted,1103
confusion,1697
congratulation,661
congratulatory,166
congress,7568
congressional,2703
conjoined,12
connected,5462
connecting,1951
connection,9782
connectivity,2234
consecutive,1737
consent,1302
consequence,6990
conservative,11571
considerable,1296
considerably,967
considered,8018
considering,3586
consisted,179
consistently,3916
consisting,270
conspicuous,95
conspiring,507
constant,2608
constitution,4059
constitutional,5546
constraint,821
constructing,538
construction,8626
constructive,1407
consular,1630
consulate,2430
consulted,408
consumed,802
consumer,3970
contact,8122
contacted,2143
contain,2635
contained,2443
containing,1905
contemporary,1233
content,8933
contentious,1351
contest,2577
continuation,988
continue,29239
continued,20087
continues,15396
continuing,6472
continuous,2017
continuously,957
contract,4396
contracted,470
contractor,1131
contractual,234
contrast,3385
contribute,3018
contributed,2986
contributing,2562
contribution,4219
control,26548
controversy,7676
convene,355
convened,588
convention,2769
conventional,2822
conversation,9585
conversion,640
convert,871
convicted,6598
conviction,4048
convince,649
convoy,1567
cooke,108
cooling,1421
cooperate,1386
cooperation,14144
coordinate,1455
coordinated,3661
coordination,3543
cop,1497
cop28,54
cope,723
coping,188
coral,857
core,4445
cornered,215
cornerstone,578
cornwall,408
corp,3294
corporate,2678
corporation,2076
correct,1323
correspondent,3528
corresponding,269
corridor,4327
corrupt,823
corruptly,17
cost,16956
council,14493
count,5029
counter,3205
counterattack,172
countering,771
counterpart,3338
counterweight,253
counting,720
country,119240
county,8887
coup,2063
couple,9861
coupled,459
courage,1912
courageous,315
course,7002
court,49200
courtesy,660
courtyard,346
cover,7638
coverage,3369
covering,3538
covert,982
cpec,1834
cpj,108
cplc,2
cpr,274
crack,1449
cranking,21
crashed,2891
create,10164
created,9012
creates,2327
creativity,815
creature,649
credit,17897
credited,1153
creeping,74
crew,9650
crime,18000
criminal,15622
criminalise,45
criminalize,57
crippled,186
crisis,16267
criterion,1235
critic,8461
critical,13961
critically,1195
criticism,11850
criticized,3424
criticizing,808
cross,3441
crossed,3246
crossing,4960
crowd,6486
crowing,2
crown,5365
crucial,6728
cruise,2643
crush,541
crypto,1374
cuba,2628
cuban,1085
cubic,927
cui,162
culprit,250
cultivated,384
cultivation,268
cultural,11641
culture,9336
cup,2578
curb,2248
curiosity,1293
currency,2233
current,16596
currently,13129
custody,6544
cut,11242
cyber,1871
cycle,2377
cyril,202
dacoit,36
dadoo,1
daesh,97
daily,13648
dalian,198
dallas,936
dam,3211
damage,14592
damaged,7309
damascus,1849
damen,2
danger,4321
dangerous,7685
daniel,2186
daoud,30
daphi,1
darfur,621
dark,2977
darker,408
darkness,1020
dastgir,1
dasu,73
data,16291
date,9791
dating,2856
daughter,8277
dave,338
david,4446
dawn,4104
day,84865
dci,7
dead,12881
deadline,3024
deadly,6487
deal,27397
dealing,2724
dean,420
death,36776
debashis,34
debate,13539
deborah,226
debris,4013
debt,5372
decade,21507
decayed,27
deceased,2192
deceit,89
december,12127
decide,3200
decided,6395
decision,30603
decisive,2629
declare,1376
declared,9147
declassified,248
decline,4150
declined,4667
declinespennsylvania,1
declining,1621
decoupling,73
decrease,948
decreased,451
decreasing,158
decree,1400
dedication,1200
deem,172
deemed,1968
deeming,95
deep,9635
deepen,1719
deepening,1817
deeply,7853
defeat,2802
defection,172
defence,32249
defend,4538
defendant,2190
defense,13994
defensive,2027
defiance,702
deficit,1574
defied,346
defined,2329
definitive,578
defraud,137
defrauded,77
defusing,74
degrade,310
degree,6249
delay,6261
delaying,672
delegation,5053
deleted,1197
delhi,15288
deliberately,2989
delicate,870
deliver,3580
delivered,4251
delivering,2002
delivery,4338
deluge,145
demand,15368
demanded,4522
demanding,5355
democracy,5888
democrat,9632
democratic,14181
demographic,1197
demonstrate,1989
demonstrated,1956
demonstration,5472
demonstrator,3267
deniability,126
denial,1625
denied,10901
denounced,1419
denouncing,395
dented,67
deny,1684
depart,729
department,27769
depend,2627
dependence,1481
dependency,468
depending,2415
deplore,31
deployed,6987
deploying,1661
deployment,4987
deportation,4815
deported,2459
deposed,575
deposing,7
depreciation,82
depth,3651
deputy,9056
dera,437
derives,75
derogatory,349
descended,539
described,32792
describing,6321
desert,3935
deserves,854
design,5544
designate,258
designated,3620
designed,10631
designer,836
desirable,142
desire,2845
desperate,1548
desperately,520
despite,26162
despot,34
destabilising,447
destabilize,256
destination,4272
destroy,2337
destroyed,6860
destroying,1637
detailed,4728
detained,7689
detainment,49
detect,929
detective,1456
deter,1288
deteriorated,1126
deteriorating,956
determination,1823
determine,4395
deterrence,1399
detonate,107
detrimental,218
devaluation,90
devastating,3630
develop,3950
developed,6046
developing,4628
development,24264
devil,367
devised,127
devoted,585
dhabi,5878
diagnosed,1314
diagnosis,1369
dialogue,6124
diaper,95
die,2260
died,15641
difference,5918
different,18847
difficult,11388
digital,10929
dignity,2064
dika,2
diligently,210
dimona,91
diplomacy,5765
diplomat,4587
diplomatic,19022
direct,12181
directed,4446
direction,4310
directly,11786
director,13936
disadvantage,308
disagree,722
disapproval,401
disapproves,6
disaster,8141
disbelief,529
disclosed,2397
disclosure,1744
disconnect,163
discontent,739
discounted,503
discourse,833
discovered,6136
discreet,167
discretion,528
discriminating,61
discrimination,1988
discus,5536
discussed,5985
discussing,2438
discussion,13980
disease,4296
dislocation,23
dismantle,1282
dismantled,701
dismissed,6384
dismissing,938
disorder,1410
dispatched,991
dispatcher,81
displaced,4073
displacement,1371
displayed,1694
disproportionate,352
dispute,8723
disputed,2592
disrespecting,100
disrupt,2608
disrupted,3742
disruption,7708
dissatisfaction,802
dissent,1610
dissolving,113
distance,3373
distinct,1250
distinctive,1161
distress,1378
distributed,1426
distribution,2348
district,18204
disturbance,956
divided,2448
division,4606
divisive,803
doctor,6401
document,13853
documentary,1953
documented,2815
dollar,6460
dome,1032
domestic,10056
dominance,1958
dominant,1113
dominican,558
donald,49542
donetsk,1183
donnie,13
door,5500
double,2985
doubled,1409
doubt,3504
downbeat,19
downed,801
downgraded,215
downing,1458
downpour,513
downside,116
downtown,982
dozen,10057
dprk,153
draft,2535
dragging,601
dragon,746
dragonfire,21
drama,1634
dramatic,4069
draw,4361
drawing,3991
drawn,5522
dread,90
dredging,120
dressed,1637
drew,5065
drifting,419
drill,2831
drive,5042
driven,4432
driver,8274
drone,30156
drop,5074
dropped,3355
drove,1764
drowned,483
drownings,52
drug,9644
dual,1882
dubai,18695
dubbed,1184
duering,4
dullah,1
duly,101
dulyapak,5
dustin,38
duty,6354
dynamic,3041
eagerness,86
earlier,31299
earliest,1140
early,27041
earlyvotedone,2
earning,1262
earnings,938
earth,6690
earthquake,8122
ease,2788
easier,2571
east,20740
eastern,10618
eat,1545
ebey,2
ebrahim,450
echo,1440
echoed,2107
echoing,615
economic,35658
economically,1541
economics,1591
economist,2042
economy,15328
edge,2848
edged,121
editor,1006
editorial,1019
educated,587
education,12920
educational,2950
effect,9839
effective,4809
effectively,5282
efficiency,2621
efficient,1252
effort,36730
egypt,5709
egyptair,2
egyptian,2426
eid,2994
ejected,190
elaborate,985
elderly,2138
elect,574
elected,5448
election,36491
elector,139
electoral,3944
electorate,445
electric,3284
electronic,2444
electronically,239
element,4126
elephant,1327
elevated,1433
eliason,11
eligible,3131
elimination,1047
elite,3330
elta,4
email,4775
embarked,286
embassy,8774
embattled,196
embrace,1309
embraced,833
embryo,242
emerged,6488
emergency,18139
emerging,3018
emirate,7754
emirati,1724
emission,2340
emmanuel,2762
emotional,5684
emphasised,4104
emphasize,504
emphasized,3961
emphasizes,525
emphasizing,1804
employed,1446
employee,10668
employing,565
employment,4258
empower,364
en,1204
enabled,853
enabling,1648
enact,167
encouraged,2587
end,32250
endangers,135
endeavor,254
ending,5850
endorsed,1723
endorsement,1625
endured,1124
enduring,2243
enemy,5591
energoatom,43
energy,25147
enforce,1604
enforced,2653
enforcement,13047
eng,52
engage,4151
engaged,4631
engagement,7554
engaging,3043
engine,3467
engineer,4063
engineered,487
england,6310
english,4274
engulfed,959
enhance,2971
enhanced,1727
enhances,404
enhancing,1512
enjoy,2583
enjoyable,172
enjoyed,900
enmity,209
enshrine,43
ensuing,346
ensure,14222
ensures,1579
ensuring,5936
entangled,240
enter,5109
entered,7800
enters,849
entire,9333
entirely,4563
entity,2972
entrance,1781
entrepreneur,2896
environment,9297
environmental,8470
envision,74
envoy,4457
epicentre,652
episode,3462
equality,1675
equally,1069
equates,51
equipment,6413
equipped,1623
equivalent,1595
era,3904
eradicate,338
erik,242
eroded,471
erratically,56
erroneous,112
error,2007
ersson,2
erupted,3499
erwin,18
escalate,1975
escalated,4110
escalating,4902
escalation,7247
escalator,194
escalatory,127
escape,2945
escaped,1512
especially,14659
espionage,1558
essential,6210
established,7802
establishing,1779
establishment,4342
estate,6507
estimated,6633
ethnic,2857
ethnicity,573
ethos,169
eu,10207
euro,1999
eurobonds,2
europe,17776
european,21738
europol,68
evacuate,1830
evacuated,2880
evangelical,188
evening,6655
evenly,125
event,29820
everyday,3330
evidence,17456
evident,912
evil,1514
evoke,107
evoked,100
evolving,1975
exacerbated,567
exacerbating,383
exact,3907
exactly,4556
examined,1824
exceeding,1452
exception,1308
exceptionally,970
exchange,13752
exchanged,1541
exchequer,214
exclude,346
excluding,583
exclusive,1663
executed,1736
executing,388
execution,2249
executive,11180
exemplifies,217
exercise,5748
exercising,554
exert,407
exerted,78
exim,65
existence,1254
existing,5778
exit,4112
expand,4865
expanded,5571
expansion,4135
expect,5310
expectation,2790
expected,29086
expects,1462
expediting,70
expedition,1466
expelled,958
expelling,217
experience,16669
experienced,5191
expert,15538
expired,943
explain,2711
explained,7079
explaining,1572
explains,1790
exploit,1025
exploitation,1532
explore,2097
explosion,8443
explosive,4324
export,8052
exposure,2251
express,5101
expressed,16816
expressing,3299
expression,2649
expulsion,563
expunging,1
extend,3973
extended,7432
extending,2162
extends,1886
extension,2923
extensive,5178
extensively,614
external,6012
extortion,1101
extracted,375
extradition,2477
extraordinary,3736
extreme,6525
extremely,4674
extremism,1644
extricating,6
eye,6081
eyewitness,827
fabian,59
face,29079
facebook,3333
faced,12302
facilitator,286
facility,17560
facing,10632
fact,9060
facto,1034
factor,4949
fail,1708
failed,10226
failing,3695
failure,7390
fair,4807
fairer,195
fake,5280
fall,8491
falling,3721
fallout,2442
false,5714
falsely,1124
fame,1185
famed,310
familial,182
familiar,5289
familiarization,3
family,64579
famine,879
famous,3787
fan,8072
far,22672
farage,1272
faraz,74
farm,4399
farouq,4
fascism,305
fashion,2303
faso,358
fast,3485
fatal,2454
fatalism,2
fatality,2447
fatally,1154
father,13580
faulty,250
favor,1546
favorability,76
favored,303
favoring,140
favour,2248
faxian,2
fcdo,281
fear,13083
feared,1708
fearing,837
feasibility,381
feature,7187
featured,2471
february,13617
federal,25972
feedback,556
feel,15704
feeling,3869
fell,5169
fellow,3900
felt,7400
female,5318
ferdinand,324
fertile,293
festival,4223
festivity,631
fewer,2310
fiance,30
field,10047
fiercer,16
fifth,2381
fight,9862
fighter,9923
fighting,10118
figure,19132
filled,2721
filling,810
filming,1015
final,13543
finance,6361
financial,20196
financing,2005
finding,7999
fine,6086
finish,1258
finishing,450
fir,486
fired,6660
firing,3394
firm,10283
firmly,2768
fiscal,3131
fischer,150
fitted,395
fivethirtyeight,30
fix,1462
fixated,62
flag,6123
flagged,991
flaring,61
flaw,584
fled,4464
flee,1876
fleeing,2036
flew,1855
flexibility,1565
flight,21794
flipped,243
floated,733
flock,450
flocked,140
flood,7530
flooded,1677
floral,198
florida,7013
flower,1301
flown,1105
flyer,309
flying,3664
focal,536
focus,14100
focusing,2610
foe,276
foil,164
foiled,396
follow,5863
followed,13336
following,39499
follows,7051
food,17205
foot,7381
footage,10253
foray,84
force,62435
forced,10513
forcibly,1232
forcing,3465
ford,1202
forebear,7
forecast,5875
foreign,51816
foreshadow,15
forestall,13
forever,1438
forfeit,62
forget,1142
forgotten,912
form,11955
formal,6506
formally,5114
formed,4079
forming,1396
formula,569
fortification,115
fortifying,55
forward,8887
foster,1369
fostering,1102
fought,2107
founded,2767
founder,6180
fourth,3400
fox,6101
fragility,420
fragman,2
framework,6582
france,12829
francis,2531
franklin,347
fraud,5689
free,13715
freed,1713
freedom,9913
freely,1185
freezing,1088
french,11067
frenzy,348
frequency,863
frequent,3057
frequently,4155
freshly,141
friday,28737
friend,13785
friendly,2155
friendship,2335
frigate,267
frontier,1976
frontline,1010
fruition,70
frustration,4062
ft,686
fuel,10988
fueling,773
fuelled,1489
fujairah,652
fulfil,716
fulfill,367
fully,9427
fumio,176
function,2836
functioning,1161
fund,11213
funders,43
funding,7759
fundraiser,942
funeral,3727
furthermore,865
futhermore,2
future,23802
fx,16
g7,1689
gain,5492
gained,4237
gaining,1565
gallant,1219
gallup,136
galushchenko,8
galyat,8
galyon,1
game,8018
gang,5190
gansu,161
gap,4337
garrido,13
gas,9692
gather,2072
gathered,4990
gathering,5863
gave,8256
gay,941
gaza,35677
gbp,127
gdp,2292
gearing,210
general,24033
generate,1717
generation,7519
geo,1407
geographic,868
geographically,470
geological,2326
geopolitical,4940
george,4406
georgieva,30
geosynchronous,14
german,7792
germany,11980
ghoshal,11
ghulam,251
giorgia,994
girl,10278
given,13083
giving,8765
global,43810
globally,3271
globe,1138
gmt,1731
goal,8577
goaltender,2
god,3979
going,25243
golan,529
gold,8640
gone,6378
good,21979
goodwill,636
gool,1
gop,1959
got,12529
gov,739
governed,1161
government,91890
governmental,331
governor,8901
govt,13618
gps,505
grabbing,320
gradually,3636
graduated,916
graham,1309
grandchild,600
grant,3759
grappling,1046
gratitude,2049
grave,2264
great,14044
greater,7506
green,11153
greene,1059
greenonions875won,2
greenwashing,10
grew,4415
grey,849
grief,1628
grieving,629
grip,1175
grocery,1193
gross,1017
ground,15742
groundbreaking,570
group,57554
grow,4172
growing,18737
growth,10637
guarantee,4543
guard,11427
guardian,2997
guarding,265
guidance,2664
guide,2780
guided,1576
guiding,511
guilty,5979
guinness,900
guise,438
gulf,13542
gun,5108
gunardi,2
gunfire,1661
gunman,3042
gunned,286
gunpoint,196
gunshot,1450
guterres,973
guy,4541
gym,625
habibullah,8
hafiz,836
hagari,282
hailed,1724
hainan,352
haitham,92
haiti,917
half,8636
hall,3361
halt,4053
halted,2317
halting,909
hamas,25660
hamie,1
hammad,54
hand,11917
handed,3195
handful,812
handling,3806
haniyeh,1278
hannah,351
hapi,1
happen,5642
happened,9539
happens,3928
happiness,1312
haqqani,403
harassment,2254
hard,8043
hardware,629
harm,4446
harming,422
haroon,33
harriet,65
harris,15110
harrowing,568
harsh,2220
harshly,180
hashtags,186
hastily,164
hazara,77
head,16694
headband,31
headed,2229
heading,2601
headline,2469
health,29023
healthcare,5601
healthier,492
hear,2723
heard,7668
hearing,7592
heart,6749
heartbreaking,679
heaven,440
heavily,5969
heavy,11305
hebrew,402
hedge,559
hefty,387
height,2637
heighten,186
heightened,4286
heightening,304
heinous,677
heir,868
heiskanen,2
held,24590
helicopter,6335
help,27507
helped,9492
helping,6279
helpless,190
heralding,50
herd,568
heritage,5135
hero,1506
heroic,378
heroin,310
hesitate,262
hezbollah,12130
hibatullah,178
hierarchy,592
high,32083
higher,9230
highest,7087
highlight,7447
highlighted,8203
highlighting,4816
highly,7362
highway,3820
hijacked,444
hijacking,520
hikvision,1
hill,3265
hillary,845
hilly,100
hindered,274
hindu,12708
hinduism,431
hindutva,237
hire,2118
hired,1302
hispanic,219
historian,2078
historic,8091
historical,6876
historically,2543
history,20750
hit,18072
hitched,29
hitting,1956
hockey,288
hold,16269
holder,4987
holding,8076
hole,1204
holiday,6185
holocaust,718
home,42221
homeless,710
hometown,638
honest,2439
honiara,3
honor,2046
hoolahan,2
hope,12951
hopeful,978
hoping,2141
horizon,773
hormuz,12323
horrific,1298
horrified,267
horrifying,297
hose,146
hospital,19681
hospitalised,816
hospitalized,415
hossein,355
host,6597
hostage,12972
hosted,3372
hostel,193
hostility,4293
hosting,2223
hot,2783
hotbed,100
hotel,7380
hour,25328
house,46241
housing,6140
houthi,3145
houthis,3658
huawei,229
hub,5506
huge,5795
hugely,250
human,28120
humanitarian,9717
humble,534
hunger,1232
hunt,1396
husband,7335
hush,432
hushed,25
hussein,658
hydroelectric,266
hydrogen,356
hydropower,1127
hyun,50
id,1995
idea,13995
ideally,135
identical,505
identification,1765
identified,11898
identify,4081
identifying,1583
identity,9099
ideological,1996
ideology,2033
idf,3566
ignited,1170
ignore,1082
ii,4679
iii,2585
ilahi,11
ilam,61
ill,1198
illegal,10532
illegally,3131
illicit,983
illness,2068
illustrated,246
illustrating,281
image,39510
imagery,1754
imam,775
imbalance,674
imf,3599
immaterial,11
immediate,12100
immediately,13196
immense,1557
immigration,21700
imminent,1476
immunity,983
impact,15908
impacted,1877
impartial,463
impassioned,33
impediment,75
impeding,102
imperative,333
implement,2520
implementation,2651
implemented,2558
implication,3031
implicit,155
imply,227
import,5824
importance,7391
important,19834
imported,1459
imposed,6468
impossible,2520
impressive,1053
imprimatur,5
imprisoned,1379
imprisonment,2280
improve,5743
improved,2246
improving,2730
impunity,545
imran,8816
inability,636
inadvertently,467
inaugural,857
inauguration,2338
incapacitating,6
incarcerated,596
incest,52
inch,1603
incident,39089
incite,415
inciting,776
include,13825
included,12400
includes,10023
including,92645
inclusion,1858
inclusive,1524
income,4617
incoming,1954
increase,12987
increased,9296
increasing,7061
increasingly,11403
incredible,1485
independence,6166
independent,8613
independently,2260
index,1734
india,70895
indian,44523
indicate,3519
indicated,5817
indicates,2248
indicating,2818
indication,1929
indicator,813
indicted,832
indictment,1524
indirect,1173
indirectly,509
indiscriminate,390
indiscriminately,170
individual,23626
indonesia,3097
indus,1841
industrial,5286
industry,11909
inevitable,706
infant,758
infiltration,584
inflame,100
inflaming,88
inflation,3402
influence,13376
influencer,1886
influential,2369
influx,762
information,19840
informed,5280
infrastructure,18845
infrequently,8
inhabitant,423
inhuman,184
initial,6591
initially,8547
initiated,2208
initiation,110
initiative,11852
injured,17989
injury,10620
inked,218
inmate,1459
innocent,2126
innovate,169
innovation,4867
input,4770
inquirer,17
inquiry,3473
insecurity,894
inside,19126
insider,2091
insight,2107
insist,831
insisted,3793
insistent,23
inspector,1945
inspiration,693
instability,3177
instal,6
installed,1447
instance,3056
instant,600
instead,16365
instigate,55
instinctive,96
institute,6427
institution,10426
instructed,2421
instrumental,416
insufficient,896
insurgency,1389
insurrection,407
integral,758
integrated,1758
integrating,554
integration,1801
integrity,3044
intellectual,1259
intelligence,18844
intended,7431
intense,5711
intensification,206
intensified,5805
intensifying,1615
intent,2734
intention,3582
intercept,956
intercepted,3580
intercepting,441
interception,948
interceptor,1014
interfax,94
interference,2476
interior,5216
intermodulation,4
internal,7788
international,54509
interruption,541
intersection,884
intervene,1417
intervened,980
intervention,3636
interview,14422
intolerant,31
introduced,6838
introducing,1278
invaded,711
invader,241
invaluable,272
invasion,6768
invest,1707
invested,1261
investigated,1790
investigating,3761
investigation,25873
investigator,6580
investment,13615
investor,5844
involve,2037
involved,17783
involvement,6994
involving,11812
ipsos,141
iran,88999
iranian,29306
iraq,4241
iraqi,1340
ire,214
ireland,2674
irgc,2671
irish,1227
irna,431
iron,2063
ironclad,162
irrespective,311
isfahan,583
ishim,7
isi,2534
islamabad,19250
islamic,12988
islamist,2928
islampura,56
island,23913
islander,81
isle,366
ismail,1236
isolated,3314
isolation,2195
ispr,891
israel,63243
israeli,41094
issuance,885
issue,33911
issued,19208
issuing,1803
ist,1718
italian,3760
italy,5101
ite,34
item,4770
itinerant,14
itinerary,339
jagdeep,45
jail,8185
jailed,3044
jake,562
james,3480
jan,1628
january,14813
japan,13060
japanese,4578
jason,794
jat,4
javed,402
jayes,1
jeremy,516
jerome,210
jersey,2244
jerusalem,2393
jet,8652
jew,1494
jewellery,1194
jewish,4989
jihad,1039
jim,756
jinnah,409
jinping,6403
jinsong,1
job,17877
joe,8580
joel,169
johannesburg,290
john,6148
johnson,3091
join,5989
joined,6262
joining,2651
joint,11665
jordan,2806
jordanian,395
joseph,1151
journal,3681
journalist,9444
journey,7526
jr,2514
judge,12977
juicyfields,2
july,18603
jump,1003
junction,310
juncture,265
june,15044
jung,49
junior,799
junked,8
junta,1286
justice,17478
justified,1518
justify,1288
justin,2439
kabul,5294
kaghan,9
kahkonen,2
kailer,1
kamala,7468
kandahar,571
kappo,1
karachi,4426
karakoram,185
karate,16
karen,467
kashmir,5017
kate,3183
kathrada,1
kazakhstan,849
keen,805
keeping,4241
keir,5417
keiran,3
kejriwal,55
kenilorea,3
kensington,362
kept,6156
kerman,68
kerry,111
key,26694
khaama,65
khalil,1086
khamenei,7419
khan,23458
kharkiv,1595
khartoum,363
khit,2
khmelnytska,1
khmelnytskyi,51
khomeini,369
khyber,4919
kicking,371
kidnapped,841
kidnapping,952
kill,4338
killed,46023
killing,18519
kilometer,2786
kilometre,5772
kind,8253
king,14189
kingdom,7315
kinzhal,84
kiselstein,1
kishida,300
kitchen,1570
km,3663
kneel,77
knew,3891
knife,2596
know,23208
knowing,1479
known,25133
knu,17
kohistan,36
konecny,2
korea,13820
korean,7932
kot,183
kotin,1
kp,1214
kraken,11
kramatorsk,62
kristalina,28
kristina,49
kritenbrink,12
kudinov,1
kurdish,750
kurgan,11
kurilla,70
kyauk,14
kyiv,11318
labeling,460
labour,12259
labourer,577
lack,7554
lady,4060
lahore,3368
laid,2385
lakhpat,64
lakshadweep,23
lame,92
land,18363
landing,3845
landmark,3091
landmine,130
landmines,237
landscape,8136
landslide,3605
language,7076
lapse,594
large,19117
largely,8333
larger,6792
largest,15107
laser,708
lasted,1886
lasting,4519
late,16967
later,44732
latest,18587
latex,8
latino,274
latvia,420
lauded,370
laudium,1
laugh,851
launch,9870
launched,20329
launching,3119
laundry,232
laura,1647
lavrov,1082
law,42151
lawyer,9562
lay,1906
layer,3559
layerthe,2
le,16244
lead,14979
leader,61017
leadership,18205
leading,14204
league,6655
leak,1728
lean,503
leaning,509
learnt,385
leave,12831
leaving,12175
lebanese,3273
lebanon,11518
led,23031
left,26640
legal,28423
legalization,76
legalize,55
legalized,74
legalizing,30
legally,3581
legislation,4181
legislative,1712
legislator,542
legislature,634
lehigh,31
leibensperger,1
leji,39
lender,625
lending,420
lengthiest,2
lengthy,1279
lesbian,129
lesser,292
let,10557
lethal,1331
letter,9139
level,18778
levelled,125
leverage,2383
li,2124
liaison,208
liaoning,121
liberal,4368
liberated,190
libya,1003
licence,2156
lie,7632
life,47074
lifeless,158
lifeline,927
lifesaver,16
lifestyle,2608
lifetime,1214
lifting,1503
light,11262
lightly,295
like,60895
likeliest,12
likely,15580
limit,7232
limited,10272
limpet,5
line,19948
link,6823
linked,15461
linking,2408
list,10020
listed,3163
literally,1547
littering,78
little,11693
liu,721
live,14740
lived,5118
lively,285
living,14482
liz,510
lloyd,504
lme,3
lobbying,488
local,38870
locally,1165
located,7259
location,11699
lockdown,799
lodged,1016
logan,287
logic,991
london,18632
lone,443
long,29619
longer,12151
longshot,11
look,15505
looked,4041
looking,8003
loose,589
loosen,110
lori,114
lose,3436
losing,4108
loss,10493
lost,12591
lot,11016
loud,2036
loudspeaker,337
love,8176
loved,3183
low,10765
lowe,215
lower,6911
lowest,1541
loyal,1069
luce,73
luck,635
luckily,98
lunged,40
lunging,30
lurch,49
luxon,179
luxury,4469
lying,2033
machine,3363
macroeconomic,408
macron,6533
madani,31
madrid,1188
mae,88
magistrate,1009
magnitude,2830
mahawar,8
mahomed,11
mahzoom,2
mail,3059
main,10974
maintain,7977
maintained,5883
maintaining,5996
maintains,2917
majali,1
majid,234
major,36220
majoritarian,10
majority,6887
makale,8
make,43904
making,23524
malakand,43
maldives,1849
maldivian,482
male,3700
mali,719
malice,164
malicious,774
mall,1651
malnourished,118
malnutrition,481
malsha,12
mamlaka,5
man,25761
manage,3903
managed,5250
management,8771
manager,3768
managing,2978
manasseh,5
manchester,2651
mandate,2532
mandokai,1
manhattan,1727
manifesto,708
manila,1117
manjot,2
manned,299
manslaughter,685
manuel,378
manufacturer,1596
manufacturing,2737
mao,1360
march,17935
marcos,600
margin,1496
marijuana,596
maritime,7300
mariyam,16
marjorie,561
mark,15414
marked,6854
market,17628
marketing,1259
marking,6342
marriage,5720
married,4179
marry,696
marshal,2488
marshall,404
martial,1954
martin,1921
mass,8541
massacre,1515
massive,9886
master,2462
matato,6
match,3906
matchup,96
math,546
matkovits,1
matriarch,33
matter,18180
mattera,1
matthew,1170
mattress,279
maturing,71
maximize,188
maximum,5476
mayfair,113
mayhem,162
mayor,7967
mayoral,961
mccarthy,222
mccormick,79
mdp,65
mea,1487
mean,17445
meant,6306
measure,18073
mecca,1004
meddlesome,1
mediation,1795
mediator,2754
medical,17573
medicinal,160
medicine,3369
mediterranean,1488
medium,63197
meet,13686
meeting,32979
megacity,64
megapascals,10
megawatt,253
mehr,156
mehrabad,44
meloni,2310
melting,674
member,38765
meme,2019
memorabilia,155
men,14348
mengal,291
mental,4539
mention,2175
mentioned,4383
mentioning,569
mercator,61
mercia,64
mercilessly,57
mere,1107
merely,2548
mess,564
message,20204
messaging,1895
met,13241
metal,2641
meter,2374
method,3830
metre,4911
miami,1583
michael,3879
microelectronics,42
middle,18066
middleton,1262
mideast,429
midnight,1931
midway,198
migrant,7749
mike,2580
mile,8728
milestone,2939
militant,14294
military,99459
militia,1762
million,52377
min,1442
mind,3788
minimizing,78
minimum,4064
minister,82927
ministry,33125
minns,45
minor,4754
minority,7905
minus,374
minute,7834
mir,500
miro,2
misguided,184
mishal,45
misra,57
missile,31844
missing,9464
mission,11120
mistake,3832
misto,1
misunderstanding,584
mix,2838
mob,1814
mobile,3612
mocking,629
mod,442
mode,690
model,7528
moderate,3304
modern,10122
modernisation,505
modest,1360
modi,9996
moe,167
moei,15
mofa,159
mohamed,1870
mohammad,3062
mohammadreza,2
mohammed,5161
moment,20623
momentum,2067
monarch,1637
monarchy,2120
monday,27310
monetary,1654
money,14744
monitored,1446
monitoring,5961
montgomery,317
month,47280
moon,2939
moore,609
moosa,39
morning,11032
morrison,216
mortar,570
mortgage,810
mosakhail,3
moscow,14542
mosque,4066
mossad,743
mother,12154
motif,785
motion,1781
motivation,978
motive,1700
motorbike,487
motorcycle,1256
mound,345
mount,2579
mountain,7410
mountainous,1187
mounted,967
mourner,553
mouth,974
moved,10448
movement,13939
moving,7822
mozambique,235
mp,5311
mr,1970
mrat,5
msc,102
mud,1019
muhammad,6022
muhari,48
muhlenberg,1
muizzu,928
mujahid,1012
mukherjee,84
multilateral,905
multilayered,23
multiple,19697
mundane,95
municipal,1127
munu,3
murad,229
mural,356
murder,8988
murdered,1282
murderer,608
murky,125
musakhel,21
muscular,170
music,4782
muslim,8532
mutual,4011
mv,420
myanmar,4769
myawaddy,53
na,1597
nabi,81
naing,37
najibullah,33
named,7621
naming,1260
naomi,108
naran,11
narendra,3154
narrow,2876
narrowed,306
narrowly,739
naseebullah,1
nation,34395
national,67630
nationalism,537
nationalist,2477
nationwide,4850
natural,11120
nature,8130
naushki,9
nautical,432
naval,6334
navigate,1395
navigates,324
navigating,1055
navigation,1847
navy,6708
nca,165
near,28842
nearby,8276
neared,108
nearing,579
nearly,20719
nec,34
necessary,8694
necessitates,67
necessity,1152
nee,28
need,33785
needed,8693
negative,2107
negev,37
negligence,634
negotiating,2430
negotiation,15711
neighbour,4610
neighbourhood,2831
neighbouring,4028
neighbourly,28
nerdy,5
net,3549
netanyahu,16836
netishyn,1
network,13889
networking,320
neutral,1448
neutralised,374
neutralize,160
neutralized,163
neutralizing,62
new,124253
newborn,680
newfound,157
newly,4413
news,42465
newsletter,125
newspaper,4838
nh,1472
nhl,22
nice,1477
nichols,211
nick,1525
nigel,739
niger,513
night,15003
ning,572
noise,1411
noncitizen,129
noon,715
normal,4285
normally,1621
north,24508
northampton,47
northeast,1695
northern,12090
northernchernihiv,1
northwestern,1872
nose,606
nosedived,29
noshki,194
notable,2562
notably,2346
noted,12791
notice,5015
notifying,157
noting,5057
notorious,938
november,12220
nowadays,304
nsw,252
nuclear,32740
number,26052
numerous,4750
nurse,2005
nurtured,120
nushki,29
oath,1262
obituary,82
object,4220
obligation,2272
obscurity,33
observed,3005
observer,2666
obstacle,1592
obstructed,216
obstructing,473
obstruction,472
obvious,1529
occasion,2580
occasional,646
occupation,2231
occupied,2902
occupy,740
occupying,492
occur,1867
occurred,10255
occurs,875
ocha,174
october,17489
oecd,87
oettinger,2
offence,3794
offender,2360
offense,1165
offensive,6450
offer,14155
offered,7660
offering,7842
office,35587
officer,26384
official,89537
offset,494
oil,23193
olaf,561
old,11223
older,3762
oldest,1977
oleh,222
oleksandr,450
olsen,31
omaima,3
oman,5545
omar,1664
onboard,1068
ongoing,22191
onion,247
online,23684
onslaught,269
onward,294
onwards,300
open,17331
opened,7666
opening,5474
operate,4559
operates,2488
operating,7361
operation,45818
operational,5939
operative,1497
operator,3164
opinion,8787
oppo,4
opponent,2886
opportunity,12089
oppose,1447
opposes,836
opposite,1443
opposition,12283
optical,176
option,7211
orban,937
orbit,1266
orchestrated,880
ordeal,726
order,22181
ordered,7721
ordering,983
ordinary,3986
ordnance,367
orenburg,36
organisation,13798
organization,8160
organizational,147
organized,1603
organizing,426
origin,4112
original,6157
originally,3069
osborne,111
ostensibly,264
oust,254
ousted,2149
outage,2291
outcome,5345
outfit,1655
outlaw,166
outlet,5717
outline,1433
outlined,1800
outlook,1624
outpost,503
output,1128
outrage,3152
outraged,273
outscored,1
outside,17222
outsider,791
outstanding,1223
overall,4411
overcome,901
overcoming,300
overnight,6151
overrun,178
overseas,3492
oversees,873
overshadowed,505
overshadowing,99
oversight,2592
overtime,350
overture,254
overturn,704
overturned,966
overturning,215
overview,328
overwhelmingly,464
owed,416
owner,6605
ownership,3259
owns,1324
pa,473
pacific,4649
package,4154
packed,1304
pact,2612
page,3776
pahad,1
paid,6588
pain,3070
pained,40
painful,1297
pair,2639
pakhtunkhwa,4735
pakistan,91813
pakistani,20212
palace,5084
palestine,2993
palestinian,18940
panel,3218
panoramic,145
paper,4716
paradigm,89
parallel,1753
paramedic,610
paramilitary,1565
pardon,1421
parent,10832
pares,18
park,11800
parliament,12225
parliamentary,4788
parnpree,5
partially,1612
participant,3102
participated,1526
particular,4445
particularly,19820
partly,1858
partner,12861
partnership,7714
party,53084
pas,4104
passed,6696
passenger,16588
passing,3168
passive,334
past,21219
path,6479
patient,6024
patrick,612
patriot,1782
patriotic,505
patrolling,538
patronizing,13
paucity,11
paul,2577
pave,743
pay,11032
paying,2899
payment,6328
peace,28800
peacefully,1081
peacekeeper,553
peacetime,144
pedley,3
pen,1103
penalty,4547
pending,2291
penetrated,117
penguin,390
penned,164
pennsylvania,2980
pension,1237
pentagon,4016
people,146329
perceived,1937
percent,7322
percentage,1033
perception,2043
performance,6319
peril,168
period,17031
permanent,7736
perpetrator,2122
persian,1374
persist,1412
persisted,652
persistent,2117
persists,349
person,20768
personal,16962
personnel,11660
persuade,590
persuading,99
pervomaiske,1
peshawar,1738
peter,2969
petro,748
petropavlovsk,20
pew,301
pharmaceutical,761
philadelphia,853
philanthropist,556
philip,656
philippine,5992
phone,9213
phony,51
photo,26763
photograph,4141
photographer,1011
phrasing,102
physically,1576
phyu,7
pick,2181
piece,5882
pile,583
pilot,6644
pim,11
pin,387
pirate,430
pitch,789
pitting,50
pittsburgh,289
pivot,655
pivotal,1605
place,35034
placed,6834
plague,354
plain,1288
plan,34014
plane,9090
planned,9388
planning,8053
plant,10333
plantation,745
planted,1787
platform,17740
plausible,336
play,8453
played,6108
player,3940
playing,3470
playoff,87
plea,2075
pleaded,2683
pleased,739
pledge,2025
pledged,3581
pledging,824
plummeted,275
plunge,332
plunged,947
pm,24777
podcast,3010
point,24136
pointed,6523
pointing,2518
poland,2764
pole,826
police,64387
policeman,879
policewoman,16
policy,32769
political,55026
politically,3994
politician,5534
politics,9515
poll,16215
polling,2049
pollution,1997
pontiff,382
ponzi,30
poor,3853
poorer,287
pope,4225
popular,6859
popularity,1841
populated,1602
population,14361
populist,800
populous,493
porn,295
port,10295
portion,2155
porton,14
portuguese,643
pose,3670
posed,2493
position,19465
positioning,1443
positive,5006
positively,578
possessed,604
possibility,6147
possible,17038
possibly,2435
post,40898
posted,12340
poster,869
postseason,5
potential,19912
potentially,7436
pound,2604
poured,816
poverty,1932
power,40152
powerful,10432
practical,4235
practice,7987
praise,1812
praised,4613
praising,1126
prayer,4587
praying,674
prc,398
precarious,334
precariousness,4
precaution,1308
precautionary,807
precedent,1078
preceding,256
precision,2201
predecessor,1531
predicted,2376
predominantly,1213
preecharush,5
preference,1275
preferred,1042
pregnancy,862
pregnant,1366
preliminary,2423
premier,3284
premise,1239
preparation,3066
prepare,3382
prepared,5943
presence,10816
present,9740
presented,4172
preserving,1651
presided,406
presidency,3883
president,124497
presidential,12872
press,17484
pressed,1553
pressing,1304
pressure,22016
pressured,602
pretext,614
pretoria,109
prevail,329
prevailed,186
prevailing,538
prevent,9942
prevented,1594
preventing,2801
previous,12547
previously,16104
price,14374
priced,526
pricing,1037
primarily,3324
primary,5826
prime,42505
prince,14074
princess,5531
principle,4591
prior,3491
priority,6203
prison,12832
prisoner,5509
privacy,2068
private,16037
privately,1690
prize,6501
probably,4018
probe,3561
problem,13075
procedure,4063
proceeding,4124
processing,2700
proclaiming,86
produced,3804
product,7997
production,7537
professional,8220
professionalism,369
professor,4627
profile,2784
profit,1923
programme,14467
progress,8086
progressive,1782
prohibited,1524
prohibiting,365
project,28159
projected,1826
prolonged,3802
prominence,698
prominent,4997
promise,5434
promised,3545
promising,1915
promote,3297
promoter,134
promoting,3003
prompt,868
prompted,3684
prompting,5541
promptly,774
prone,556
pronounced,1049
proof,3189
propellant,150
propelled,264
property,17293
proponent,211
proposal,11703
proposing,514
prosecution,3669
prosecutor,9188
prospect,2248
prosperity,1996
protect,12387
protected,4355
protecting,4529
protection,10562
protest,28054
protester,10308
protocol,1978
proudly,441
prove,2427
proved,2079
proven,1434
provide,14900
provided,9644
provides,4604
providing,7140
province,15920
provincial,3019
provision,2580
provoking,277
proxy,1873
psychological,1778
pti,11666
pubg,61
public,62854
publication,1838
publicly,10055
published,8664
pull,1910
pulled,3087
pulling,1026
pump,704
punish,649
punished,740
punjab,5003
puppet,324
purchase,4890
purpose,6373
pursued,1425
pursuing,2638
push,9520
pushed,6181
pushing,4292
putin,21788
putting,3402
pyongyang,1840
qassem,422
qatar,9231
qiang,616
quake,2728
quality,4776
quarter,2466
quds,255
queen,6077
queenland,1
queensland,582
quell,244
quelled,34
question,22042
questioned,5931
questioning,3411
quetta,1884
queued,93
quick,2674
quickly,14391
quite,3158
quota,1551
quoted,9768
rabbani,82
race,7163
racial,1674
radar,2449
radio,2668
raf,710
rafael,381
rafah,2880
raid,4601
raided,648
rain,10620
rainfall,4076
raise,7286
raised,14590
raisi,714
raising,6629
rakhine,465
rally,8172
ramaphosa,406
ramp,743
rampage,415
rampant,401
ramzan,177
ran,3340
randall,44
random,1124
range,7737
ranger,1200
rank,3541
ranking,1717
ransom,461
rape,3562
rapid,4533
rapidly,4649
rare,10341
rasheed,172
rashtra,21
rate,9002
rating,1708
ray,851
raze,17
reach,14036
reached,12270
reaching,6312
react,1138
reaction,7463
reactor,1283
read,13988
reader,1182
readiness,2393
reading,3069
ready,7361
reaffirmed,2062
real,16944
realised,1047
realized,676
really,10920
rear,743
reason,11879
reasonable,1216
reasoning,400
reassigning,12
rebalancing,42
rebel,4627
rebound,187
rebuilding,1384
rebuke,551
recalled,2728
recede,145
received,15722
receiving,5278
recent,37372
recently,14153
reception,1103
reckless,1351
recognised,3766
recognition,5388
recognizes,329
recognizing,485
reconstruction,1958
record,20558
recorded,8230
recording,2235
recounted,1077
recover,2064
recovered,4997
recovering,1121
recovery,5170
recreational,650
recuperate,14
red,11635
redirected,574
reduce,8504
reduced,5385
reduces,903
reducing,4130
reference,3811
referred,4637
referring,4693
refers,1153
reflected,3044
reflecting,3484
reflection,1779
reflects,7883
reform,9732
refrain,840
refuelling,242
refuge,1509
refugee,6351
refusal,2078
refusing,1482
regain,806
regaining,176
regains,32
regarded,1606
regarding,8244
regardless,2313
regime,8778
region,44517
regional,22192
regionwide,9
registered,3356
registering,299
registration,2621
regret,1800
regrettable,302
regrettably,86
regular,4321
regularly,2822
regulation,5608
regulatory,2976
rehana,216
reign,758
rein,410
reinforce,1383
reintroduction,329
reiterated,4481
reject,3286
rejected,9886
related,8401
relation,14617
relationship,17775
relative,4620
relatively,3530
relax,264
relaxation,149
relaxing,208
release,17718
released,19258
releasing,1574
relevant,3507
reliable,2007
reliance,1601
relief,6720
religion,2783
religious,11000
relocate,702
reluctant,634
relying,1901
remain,29983
remained,15908
remaining,7208
remains,36335
remark,14974
remarkable,2786
remarked,1537
rematch,69
remedy,331
remember,2716
remembered,1325
reminder,3868
reminiscent,335
remote,4461
remove,5393
removed,7210
removing,2593
rendered,393
renew,748
renowned,1128
renting,122
reopened,1107
reopening,2190
rep,532
repaid,119
repatriate,249
repatriation,840
repeated,6845
repeatedly,11343
repeating,648
repelled,181
repercussion,501
replace,3119
replicating,49
report,61888
reported,56334
reportedly,20643
reporter,10642
reporting,4603
represent,2988
representation,2103
representative,16160
represented,2516
represents,4565
reprisal,244
reproductive,634
republic,7112
republican,14955
reputation,3031
request,9238
requesting,955
require,5297
required,9222
requirement,5101
requiring,2399
rerouted,213
rescue,11541
rescued,2673
rescuer,1833
research,14346
resemblance,270
reservation,756
reserve,4835
reset,1364
resettlement,395
reside,339
residence,6242
resident,28938
residual,114
resign,1333
resigned,2563
resilience,3534
resistance,4093
resisting,679
resolute,482
resolution,5404
resolve,3885
resolved,1411
resolving,1121
resonate,590
respect,7265
respecting,404
respective,813
respond,7086
responded,9414
respondent,744
responder,1486
responding,2919
response,28135
responsibility,10771
responsible,8987
responsibly,317
rest,5413
restart,756
restive,757
restrain,245
restraint,2060
restrict,1392
restricted,2739
restricting,979
restriction,9024
restructuring,699
result,17168
resulted,5276
resulting,4266
resume,3481
resumed,2170
resumption,762
resurfaced,1062
resurgence,688
retained,795
retaliate,883
retaliation,4194
retaliatory,2825
retired,2225
retirement,1581
retiring,265
retreat,1775
retreated,297
return,21637
returned,9156
returnees,70
returning,5028
reuters,10578
revamp,101
reveal,3663
revealed,11119
revelation,1902
revenge,1435
reverse,1088
reversed,651
review,7750
reviewed,1944
revoking,272
revolution,2054
revolutionary,3492
revolving,79
reward,2289
reza,632
rhetoric,3530
ria,360
ribbon,119
rich,3052
ride,1616
ridicule,249
ridiculing,58
rife,290
rifle,1536
right,48614
rigid,405
rigorously,69
rini,2
rio,939
riot,2313
rioter,503
rip,341
ripple,864
rise,11037
risen,1775
rishi,1437
rising,11426
risk,22817
risked,644
risking,308
risky,790
rival,4549
river,14776
riverside,229
rnc,135
road,17554
rob,621
robber,400
robbery,1256
robertson,130
robs,42
robust,1558
rocha,51
rocked,724
rocket,5619
rod,283
roe,157
roger,274
rogov,9
rohan,5
role,28780
rolled,985
rollover,120
rome,2136
ronnie,82
room,8651
rope,509
rose,4116
roster,146
rough,936
roughly,8087
round,6877
route,13907
row,3483
royal,17772
royalty,451
rsf,1335
rubble,1819
ruchir,7
rugby,283
ruined,311
rule,19820
rulebook,53
ruled,5050
ruler,2174
ruling,10791
rumbling,33
rumor,1983
rumour,1841
run,11632
running,8775
rural,2979
rush,1365
rushed,2841
rushing,744
russia,52839
russian,38538
rust,94
rwanda,1294
ryan,938
sacrificed,269
saddam,222
saddened,637
saeed,1279
safe,9648
safeguard,2821
safety,22291
saga,398
said,394352
saint,1158
sake,645
salary,3130
sale,7209
saleem,103
salman,1931
salute,548
samba,26
samer,7
samuel,332
san,4186
sanandaj,12
sanction,13495
sandringham,675
sarabjit,17
sarah,1167
sarfaraz,145
sarfraz,152
satellite,5716
satisfaction,530
saturday,23071
saudi,23154
savagely,48
save,4239
saved,1666
saving,2809
saw,11511
say,49395
saying,38550
sbti,8
scam,2384
scandal,3201
scanned,141
scar,431
scene,11330
scenic,764
sceptical,380
schappell,4
schedule,3726
scheduled,8953
scheme,3552
schnecksville,1
scholz,1077
school,27619
schoolteacher,159
schwarzman,190
science,6892
scientist,6723
scmp,420
score,2428
scoring,151
scott,3566
scramble,412
scrambling,583
scranton,17
screaming,647
scrutiny,5918
scud,4
sea,17797
seal,1077
sealed,1491
search,8774
searched,1249
searching,1922
season,5412
seasonal,1724
seat,8014
seattle,784
second,23063
secret,6498
secretary,22227
secretly,1081
sector,11446
secular,446
secure,9052
secured,3707
secures,260
securing,3366
security,78317
seeing,4122
seek,10643
seeker,1427
seeking,10622
seeler,1
seema,75
seemingly,1208
seen,25038
seized,4886
seizing,778
seizure,1473
seldom,141
selflessness,45
sell,3327
senate,6000
send,4883
sending,4306
senior,18908
sense,5650
senseless,333
sensitive,5171
sensor,787
sent,12707
sentence,7824
sentenced,5804
sentencing,1802
sentiment,2853
seoul,2041
separate,10007
separation,1229
separatist,2753
september,17185
serf,4272
sergei,695
series,9276
seriously,3894
seriousness,862
sermon,275
serve,6259
served,8577
service,41863
servicemembers,71
serving,5792
servitude,43
session,4384
set,27135
setback,2409
setting,5199
settlement,5806
settling,624
seven,12112
seventh,789
severe,9863
severely,2652
severity,838
sexual,7249
sexually,1559
shader,13
shadow,3139
shah,4542
shall,1146
shane,133
shanghai,2439
shangla,96
shape,5342
shaping,2295
shaposhnikov,1
shapps,70
share,13585
shared,25515
shareef,13
sharia,572
sharif,9427
sharing,5457
sharma,1816
sharply,3962
shattered,1064
sheet,1119
shehbaz,5696
shekel,107
shell,1899
shelled,115
shelling,968
shelter,4665
sheltered,383
shenzhen,472
sheriff,1976
sheva,28
shi,226
shield,1750
shift,12608
shifted,3577
shifting,2667
ship,13847
shipping,7136
shiraz,81
shiuna,20
shivdeep,1
shock,4213
shocked,2284
shocking,2734
shoe,975
shook,802
shoot,1527
shooting,10280
shootout,301
shop,3408
shopper,546
shopping,1836
shore,1577
short,8666
shortcoming,315
shorter,927
shortly,6865
shot,12051
showcase,1359
showcased,639
showed,15386
showered,71
showing,8969
shown,4127
shrank,114
shrapnel,328
shrewsbury,3
shumkov,3
shut,4187
shutout,2
shuttered,201
siamese,7
sibling,1023
sichuan,335
sidelining,150
siding,280
sign,10269
signal,6671
signaling,1078
signalling,1942
signature,1883
signed,9318
significance,3307
significant,28700
significantly,6613
silence,3764
silent,1913
silently,232
silvia,39
similar,13377
similiar,2
simon,698
simplify,246
simply,9851
sincerely,377
sincerest,40
sindh,2201
singh,8133
single,10944
sinha,142
sinwar,1625
siren,1042
sister,4480
site,22298
sits,2683
sitting,3606
sittwe,28
situated,1078
situation,25569
sixth,1087
size,3927
skepticism,667
skill,3800
skull,716
sky,6129
slap,417
slate,209
slated,475
slaughtered,124
sleep,1629
sleeping,1180
slew,177
slightly,2520
sling,77
slip,636
slipped,568
slot,613
sluggish,279
small,16275
smart,2481
smartphone,384
smartphones,436
smith,1806
smoking,629
snap,1278
snatched,173
snub,319
snyder,98
soar,258
soared,592
soaring,1045
soccer,565
social,52618
socialism,218
societal,823
society,9013
sogavare,16
soil,5877
solar,3771
soldier,12418
soleimani,435
solemn,361
solid,1150
solidarity,2866
solo,718
solomon,207
solution,5945
solve,1555
somali,866
somalia,831
somaliland,130
somewhat,805
son,13955
soon,10203
sooner,495
soontornlekha,2
sop,22
sophie,432
sophisticated,1451
sorrow,841
sort,1607
sot,47
sought,8290
sound,4610
sounded,1018
source,22924
south,32540
southeast,2912
southern,15972
southwest,1808
southwestern,1920
sovereign,2308
sovereignty,5705
soviet,2191
sowing,143
space,15655
spain,5633
span,1766
spanish,2755
spanned,299
spark,2742
sparked,8047
sparking,2049
speak,5746
speaker,4376
speaking,9537
special,12033
specialises,140
specie,7567
specific,7677
specifically,3779
specify,1084
spectacular,661
specter,61
speculation,5336
speech,11836
speed,7046
spend,3171
spending,7479
spent,8753
spill,700
spillover,278
spina,14
spiral,648
spiraling,105
spirit,2959
splashing,48
split,2136
spoil,133
spoke,8371
spoken,2853
spokesman,5882
spokesperson,17279
spokeswoman,968
sporadic,334
sporting,980
spot,3235
spotlight,1712
spouse,1772
sprawling,784
spread,10658
spreading,3070
spree,319
spring,3030
squabble,26
square,5293
srettha,101
ssg,20
stab,508
stabbed,1629
stabbing,1719
stabbings,149
stabilisation,502
stabilise,1234
stability,8807
stable,4692
staff,14499
stafford,82
stage,9237
staggering,911
stake,2683
stakeholder,940
stalled,1777
stance,7093
stand,12595
standard,8420
standby,329
standing,5743
standstill,216
staple,332
star,5136
stared,53
stark,2039
starmer,12147
start,12187
started,12002
starting,4824
starvation,652
starved,132
state,118266
stated,13648
statement,44675
statewide,235
stating,7343
station,10251
stationed,1398
statistic,1374
statue,2200
status,9891
statutory,550
stay,13035
stayed,2644
steadily,1344
stealing,936
steel,2344
steep,1424
steer,421
stellar,80
stem,2348
stemming,523
step,16941
stepped,4139
stepping,2100
stern,969
steve,3056
stick,1094
stigma,230
stillborn,5
stir,492
stirred,916
stock,3287
stoke,177
stolen,2824
stood,4525
stool,34
stop,16320
stopped,5928
storage,3050
store,4786
storeroom,13
storm,9614
stormy,366
story,15878
strained,2358
straining,429
strait,17737
stranded,2465
stranger,1227
strategic,19970
strategically,2076
strategy,11411
streak,333
stream,4871
streamline,626
street,16020
strength,5414
strengthen,6662
strengthened,1452
strengthening,3734
stressed,5581
stressing,1570
stretch,3010
stretched,775
strict,4278
stricter,1852
strike,46119
striking,4254
string,1143
stringent,644
strip,4209
strive,228
strong,18397
stronger,5089
strongest,2066
strongly,5915
strongman,169
struck,12099
structural,2832
structure,9704
struggle,5627
struggling,3325
stuart,88
stuck,1669
student,34846
study,15939
studying,2181
stunt,970
subduing,15
subject,5109
subsequently,3050
subservient,85
subsidiary,475
subsiding,20
subsidised,190
subsidy,1380
substantial,4097
suburb,1466
suburban,445
subversion,177
succeed,1334
succeeded,702
succeeds,351
success,7591
successful,4837
successfully,3456
succumbed,710
succumbing,99
sudan,2954
sudanese,582
suddenly,2639
suez,366
suffer,1224
suffered,5277
suffering,3544
suffers,336
suggest,6506
suggested,9929
suggesting,6651
suggestion,1885
suggests,5609
suicide,4924
suit,1944
suk,640
sukhmandeep,1
sulawesi,300
sullivan,863
sultan,1061
sum,1146
summary,558
summer,6136
summit,12122
summoned,971
sun,3704
sunak,3397
sunday,25493
sunni,948
superintendent,1062
superiority,319
supersonic,164
supervised,392
supervision,865
supply,14908
supplying,1299
support,52923
supported,6488
supporter,12112
supporting,7910
supportive,816
supposed,2475
supreme,12667
surf,257
surfaced,2086
surge,4350
surged,1824
surgery,2099
surpassing,701
surprise,2987
surrendered,349
surrey,630
surrogacy,87
surround,342
surrounding,8600
surroundings,474
survey,4645
survive,2754
survivor,4015
suspect,11336
suspected,5263
suspended,6238
suspending,823
suspension,3671
suspicion,3154
sustainability,1984
sustained,5008
sustaining,625
swap,985
swarm,367
swat,739
sweat,207
sweeping,3309
swift,3459
swiftly,2252
swing,1243
swinging,116
switch,895
switched,703
sydney,2167
syed,992
symbol,4541
symbolic,2911
symbolism,940
syniehubov,125
syria,8428
syrian,4740
syrsky,54
ta,758
table,3451
tactic,2796
taftan,51
tahir,430
tainted,101
taisi,2
taiwan,17503
tajani,150
tak,41
taken,23773
taking,15810
taliban,13564
talk,32314
talking,4970
tall,1179
tamba,28
tamir,22
tampered,87
tana,43
tanker,4148
taoiseach,35
target,18802
targeted,16740
targeting,14085
tarnished,114
tattoo,674
taw,6
tax,11613
taylor,2057
teach,1406
teacher,4370
team,23456
teammate,231
tear,2385
tech,7049
technical,5327
technically,726
technological,2348
technology,17951
teenager,2765
tehran,18794
tel,2176
telecommunication,813
telegram,2697
telephone,881
telephoned,12
telephonic,128
televised,1335
tell,6161
telling,3850
temperature,16232
tempering,33
template,225
tense,2113
tension,21711
tenure,2617
term,19097
termination,1000
terrible,1647
terrified,490
territorial,4150
territory,15660
terror,8417
terrorism,8066
terrorist,15330
test,9779
testimony,1839
testing,3906
texas,6680
text,3537
thai,2023
thailand,3648
thammasat,8
thank,3691
thanked,2282
thanks,1948
thavisin,38
theory,4262
thet,21
thing,18700
think,22973
thinking,3408
thit,11
thorny,119
thought,8540
thousand,19675
threat,26427
threaten,2425
threatened,5801
threatening,3134
threatens,1958
threshold,1623
throne,1097
thrust,313
thumbing,16
thursday,24494
thwart,253
thwarted,357
tiantong,12
tie,18223
tieswith,2
tight,1272
tiktok,4947
time,96500
timeline,2785
timol,1
title,3728
titled,2630
tobol,16
today,22818
toe,134
tokmak,5
told,60564
tolerated,529
toll,6350
tolonews,99
tomlinson,30
tomorrow,2098
tonight,1121
took,27515
tool,6522
toowoomba,7
topic,2410
topped,389
topping,137
toraja,7
torched,400
tore,732
torture,1996
tortured,595
tory,1141
total,10944
totaling,289
totalling,233
touch,2333
touched,1309
tough,2860
tougher,1218
toughest,353
tour,4265
tourism,6301
tourist,6809
tourniquet,48
touted,315
touting,118
tower,3545
town,11196
township,760
track,5592
tracked,1080
traction,828
trade,25919
trading,3028
tradition,5287
traditional,8631
traditionally,1691
traffic,8351
trafficking,4297
tragedy,3674
tragic,2912
tragically,575
trail,2327
trailing,358
train,7616
trained,2228
trainer,448
trajectory,971
tranche,436
transfer,4599
transferred,2644
transgender,1980
transient,80
transition,4692
translates,506
transparent,1301
transport,7905
transported,2125
transporting,1120
trapped,3219
travel,19585
traveled,1284
traveler,1598
traveling,1965
travelled,3265
travis,321
treat,2781
treated,5751
treating,1803
treatment,10073
trend,6798
trial,10606
tribal,1455
tribe,1064
tribute,2411
tried,7009
trigger,3179
triggered,8740
triggering,2958
trilateral,809
trillion,3147
trip,8732
tripled,142
tripling,65
trivial,125
troop,13680
trouble,2145
troubling,983
true,5226
truly,3054
trump,195831
truss,405
trust,8414
trusted,1244
try,5631
trying,12029
tucson,176
tuesday,24097
tumultuous,240
tun,78
tunektepe,1
turbine,961
turbojet,3
turbulence,1032
turkey,6279
turmoil,1701
turn,9737
turned,11514
turning,7368
turnout,1039
tv,3907
twan,5
tweet,1167
twice,2767
twin,1194
twitter,2062
type,4811
typically,4520
tyumen,8
uae,28717
uavs,339
uk,35885
ukraine,47175
ukrainian,20904
ultimate,1157
ultimately,4832
unacceptable,2262
unaccounted,603
unaccustomed,16
unaffiliated,57
unbearable,264
unbuilt,10
uncertain,2809
uncertainty,5397
unchanged,957
unclear,4058
uncomfortably,60
uncovered,2302
undergoing,1521
underline,619
underlined,631
undermine,2376
underneath,533
underscore,3390
underscored,1717
underscoring,1717
understand,6984
understandably,118
understanding,7137
underway,2997
undo,182
unexpected,3124
unexpectedly,806
unexploded,355
unfair,1839
unfavorable,85
unfold,625
unfolded,1930
unfolding,966
unfolds,382
unforgivable,119
unfortunate,673
unfounded,498
unhcr,395
unidentified,1868
unified,1874
uniform,1589
unilaterally,478
unintentional,62
union,11247
unique,4048
unit,7989
united,61038
unity,4249
universal,1238
university,29459
unknown,2531
unless,3519
unlike,2893
unlikely,3388
unmanned,823
unnamed,929
unnecessary,1418
unpopular,469
unprecedented,4199
unpredictable,1273
unspeakable,99
unspecified,575
unstable,1263
unstoppable,143
untrue,282
unveiling,369
unverified,851
unwavering,1016
upcoming,4980
update,6816
updated,3036
upgrade,1409
upgraded,634
upheld,827
upper,2634
uprising,2804
uproar,403
upset,1109
uptick,354
ural,48
urban,5276
urge,2574
urged,13321
urgency,1392
urgent,3384
urgently,721
urging,5966
usa,3358
usd,2840
use,27882
used,35375
usgs,768
using,21699
usual,1946
usually,4274
utmost,435
utterly,462
vadim,58
vadym,63
valery,136
validated,184
valley,5759
valuable,3661
value,11319
vancouver,749
variation,468
variety,1508
various,9271
vast,4528
vatican,1987
veered,273
vegetable,854
vehicle,17148
venezuela,6356
verifier,1
verify,1680
verifying,251
versatile,88
version,3846
versus,515
vessel,13787
vibrant,1231
vice,10314
victim,18315
victor,394
victory,8743
video,35454
view,15854
viewed,3361
viewing,1227
viewpoint,351
vigil,503
vigilant,763
vigorous,154
village,8119
villager,855
vincent,290
violated,2070
violates,633
violation,8168
violence,19882
violent,8184
viral,11798
virtual,1599
visibility,2028
visible,5611
visibly,990
vision,6418
visit,28711
visited,5125
visiting,3531
visitor,8432
vital,4296
vladimir,7035
vocal,1433
voice,6499
voiced,2062
voicing,248
volatile,1669
volleyball,96
volodymyr,5472
volume,2095
voluntary,1154
volunteer,2946
vote,16077
voted,3875
voter,8981
voting,3657
vow,1054
vowed,4002
vowing,986
vulnerability,1829
vulnerable,5126
vyacheslav,172
wad,22
wade,180
wait,3597
waiting,4835
wake,2430
wale,3648
walked,2265
wall,7505
wan,304
wannabe,40
want,30801
wanted,9895
wanzhao,4
war,73038
ward,978
warfare,2372
warned,20757
warning,21900
warns,2881
warplane,668
warship,2098
washington,34103
wasting,270
watch,14538
watched,2574
water,36375
waterway,3370
watson,262
wave,7421
waved,509
way,31996
waziristan,586
weakened,1623
weakest,123
weakness,1352
wealthy,1634
weapon,20547
weaponry,532
wear,2148
wearing,4171
weather,14479
webb,128
website,5455
wedged,42
wednesday,23729
wee,38
week,46944
weekend,6533
weigh,790
welfare,2266
wellbeing,638
went,15824
west,14914
western,14861
westfield,26
westinghouse,30
westminster,836
whatley,32
wheeled,106
whilst,2294
whisking,10
white,29486
wide,2952
widely,8076
widen,330
wider,9122
widespread,8448
wielding,236
wife,14200
william,5692
willing,4245
wiltshire,136
win,9032
wind,9304
windscreen,52
wing,3641
winning,3571
winterton,1
wiped,555
wipeout,22
withdraw,2391
withdrawal,3564
withdrawing,658
withdrew,1719
withstood,39
witness,5857
witnessed,3037
witnessing,773
wo,3022
woman,43635
wonder,1071
wonderful,956
woo,156
wooden,1425
word,11314
worded,307
work,47408
worked,9704
worker,23251
workforce,2162
working,22404
workspace,79
world,60703
worrisome,83
worse,2302
worsen,716
worsened,1013
worsening,1530
worship,1414
worshipper,878
worth,8034
worthington,17
wound,2229
wounded,6066
wounding,657
wrapped,971
wreckage,907
wrecked,179
wright,662
write,1203
writing,4138
written,4581
wrong,5047
wrongly,373
wrote,22192
wuhan,427
xi,16982
xiaomi,201
xinhua,1488
xishuangbanna,13
yahya,1024
yamamoto,10
yaqoob,68
yar,497
year,131402
yellow,1225
yemen,4533
yeol,642
yesterday,1506
yevhen,40
yield,1311
yoav,659
yokochi,1
yoon,2655
york,22449
youde,2
yougov,239
young,16390
younger,3725
youngest,1659
yuan,1422
yum,31
yunnan,290
yuqiang,1
yusuf,209
zabihullah,548
zahedi,12
zaporizhzhia,869
zaw,68
zealand,3107
zelensky,3429
zenglein,2
zero,2350
zhang,1243
zhanshu,1
zhao,283
zhilv,2
ziad,40
zinc,116
zionist,753
zone,8414
zulfikar,88
